rut,nombres,apellido_p,apellido_m,telefono,correo,direccion,prevision,fecha_nac,fecha_reg
63708168-9,Estela Juan,Espinoza,Olivares,+56952547340,maximilianosoto@example.net,Psje. Los Robles,Isapre,1984-09-13,2022-09-03
20272755-6,Emily Charles,Cortes,Hernandez,+56987944719,gramos@example.com,Jose Miguel Carrera,Fonasa,2014-07-25,2020-06-01
19015534-8,Domingo Henry,Santander,Valenzuela,+56993843318,javierariveros@example.org,Los Encinos,Fonasa,2018-05-09,2023-01-03
43959822-2,Karen Viviana,Gonzalez,Gallardo,+56987333230,jbustos@example.org,Avda. Casanova,Isapre,1954-02-15,2020-07-12
87997004-2,Berta Benjamin,Retamal,Meza,+56970568958,millaray15@example.com,Camino Amparo Quiroz,Isapre,1934-08-07,2020-01-10
49873347-8,John Beatriz,Campos,Parra,+56962486221,sebastian19@example.org,Calle Francisco Bilbao,Fonasa,1950-05-11,2024-01-09
86332222-2,Marisol Laura,Pizarro,Gallardo,+56935954341,sotofernanda@example.net,Av. Caupolican,Fonasa,1985-03-12,2024-02-18
75563674-2,Gladys Jose,Uribe,Alvarado,+56952070704,gallegosmaria@example.org,Constanza Gonzalez,Fonasa,1946-07-14,2023-05-11
69145853-7,Francisca Alexis,Rubio,Cofre,+56935283642,monsalvejohanna@example.org,Manuel Rodriguez,Fonasa,2016-10-19,2022-09-20
75833080-6,Francisco Borja,Martinez,Orellana,+56943539854,maria73@example.org,Lautaro,Fonasa,1994-06-10,2020-10-27
70812597-6,Teresa Diego,Arenas,Espinoza,+56971002735,carlossantana@example.net,Los Aromos,Isapre,2024-09-19,2024-06-03
80062558-9,Julio Carlos,Tapia,Olmedo,+56956562019,munozlorena@example.net,Corina Poblete,Isapre,1955-08-19,2020-01-11
48115949-8,Ximena Luis,Flores,Sanhueza,+56912570450,sebastian85@example.net,Georgina Espinoza,Fonasa,2018-07-09,2023-07-07
68234030-5,Monica Jose,Fuentes,Tapia,+56927289876,clobos@example.org,Marcelo Pena,Isapre,1934-05-27,2022-11-21
52872009-7,Laura Margarita,Moya,Aguirre,+56925903515,margarita79@example.org,Av. Josefa Vallejos,Isapre,1966-08-14,2021-03-11
32043482-6,Fresia Nora,Bustamante,Lizama,+56948807057,munozalejandra@example.org,Las Mosquetas,Fonasa,1949-07-25,2021-09-10
12031991-9,Pablo Dominga,Ibanez,Silva,+56911854458,rdiaz@example.net,Jose Lopez,Isapre,1955-09-30,2022-02-16
98418033-8,Beatriz Jorge,Castillo,Ramos,+56996274114,ysepulveda@example.net,Ruth Mendez,Isapre,1946-09-09,2022-03-01
98967597-1,Karla Gael,Mendez,Carvajal,+56994392520,rolando64@example.com,Calle Los Higos,Isapre,2015-08-03,2024-01-28
90942860-9,Fernanda Daniel,Gonzalez,Valenzuela,+56976026079,gonzalogarcia@example.org,Lautaro,Fonasa,2010-05-22,2020-11-21
53407302-6,Francisco Emanuel,Cortes,Toledo,+56965856238,rolandoburgos@example.com,Calle Caupolican,Isapre,2005-12-25,2022-08-28
40388373-6,Carla Fabiola,Ortiz,Navarro,+56945221306,nunezjaime@example.net,Las Maravillas,Isapre,2020-12-29,2024-09-05
48322668-8,Jose Maria,Madariaga,Velasquez,+56938364871,evelynsepulveda@example.net,Jose Ruiz,Isapre,1985-09-21,2020-10-28
48263743-9,Ana Juan,Ramirez,Espinosa,+56975015405,armijojuan@example.net,Caupolican,Isapre,2021-11-24,2024-02-12
86190085-8,Viviana Irma,Rivas,Cortes,+56998856080,josezambrano@example.net,Alicia Tapia,Isapre,2014-03-14,2025-04-10
63958627-0,Mary Angelica,Garcia,Montenegro,+56924569305,serranoagustina@example.org,Ignacio Fuentes,Fonasa,1989-07-10,2023-09-07
81778485-8,Gabriela Nilda,Zuniga,Guerrero,+56920715080,omar95@example.com,Arturo Prat,Fonasa,2008-09-16,2022-11-20
89765444-6,Maria Gabriela,Rivera,Diaz,+56951228146,maximiliano51@example.com,Avenida Los Cactus,Fonasa,1970-08-01,2023-01-29
14540200-5,Rosalia Mauricio,Suazo,Martinez,+56937664310,katherinemorales@example.com,Av. Lautaro,Isapre,1999-09-06,2023-10-24
41710986-9,Daniela Jessica,Zavala,Mondaca,+56926154014,valdescarlos@example.org,Andres Morales,Fonasa,1934-06-03,2021-08-03
20114723-0,Viviana Juan,Jara,Zapata,+56998192639,tcruz@example.org,Av. Daniela Sepulveda,Fonasa,1982-10-22,2020-01-14
74402817-6,Miguel Boris,Fuentealba,Olivares,+56915363304,anariffo@example.com,Pamela Fica,Fonasa,1954-01-30,2020-11-19
55539940-3,Giovanna Irene,Valencia,Baeza,+56927504669,bastianflores@example.org,Sandra Varela,Isapre,1992-02-03,2025-02-19
24595395-3,Silvia Ana,Moya,Astorga,+56994220998,prodriguez@example.com,Calle Luis Salinas,Fonasa,1988-11-09,2020-06-03
49771636-9,Erasmo Genesis,Chavez,Ramirez,+56957691211,miguel72@example.org,Calle Maria Munoz,Isapre,1962-02-09,2020-11-22
30310762-2,Margarita Miguel,Vargas,Perez,+56911421928,dgonzalez@example.net,Sergio Jara,Isapre,1961-11-25,2023-10-18
90160627-1,Erica Tomas,Perez,Pasten,+56983522060,saldiasisidora@example.net,Calle Los Alerces,Isapre,1994-06-10,2024-03-10
24554256-3,Rosa Ingrid,Toledo,Hernandez,+56970273378,cgonzalez@example.net,Calle Maria Avila,Fonasa,1987-01-23,2023-10-18
24441102-3,Tomas Michael,Alvarez,Gonzalez,+56962147804,barbara37@example.org,Freire,Fonasa,1957-02-19,2021-07-20
12120279-7,Raul Miguel,Hernandez,Espinoza,+56929139987,afredes@example.com,Los Laureles,Isapre,1944-06-14,2020-04-29
98720208-3,Jan Clara,Guzman,Acuna,+56982145612,alvarezdante@example.com,Psje. Las Azucenas,Isapre,1944-03-02,2023-11-07
61864673-3,Carol Carolina,Gonzalez,Catalan,+56989375145,lucia78@example.net,Las Rosas,Fonasa,1960-01-28,2023-11-29
11592484-9,Misael Ana,Acosta,Pinto,+56978554215,rosa21@example.org,Julio Ojeda,Fonasa,2020-09-08,2020-09-20
58074747-6,Jose Patricia,Castillo,Henriquez,+56924758699,ecornejo@example.com,Las Araucarias,Isapre,1951-10-19,2022-02-28
53699466-8,Constanza Emily,Carrasco,Sanhueza,+56924694819,xarroyo@example.com,Calle Los Palmitos,Isapre,2001-03-18,2020-10-15
78943450-5,Eugenia Victor,Garcia,Pena,+56928136641,dbustos@example.net,Los Alerces,Isapre,1940-04-23,2024-08-10
41416859-6,Maria Adriana,Canales,Suarez,+56983240508,valentinaleal@example.net,Avda. Ramon Cifuentes,Isapre,1943-11-01,2020-06-15
37640277-4,Karla Valentina,Castro,Retamal,+56968077745,rojasjosefina@example.net,Maria Mena,Fonasa,1977-03-16,2023-08-28
70414825-8,Teresa Miguel,Salas,Jimenez,+56997068797,david23@example.net,Manuel Rodriguez,Fonasa,1938-03-17,2021-05-17
51009521-0,Samuel David,Araneda,Perez,+56999158954,moralesalan@example.net,Luis Jofre,Fonasa,2022-10-07,2023-12-08
15869307-3,Dagoberto Ana,Mercado,Ibacache,+56952417198,viviana07@example.com,Vicuna Mackenna,Fonasa,1961-03-20,2020-09-25
99352036-1,Emma Victor,Parra,Chandia,+56965009383,qfuentes@example.com,Los Robles,Fonasa,1953-04-17,2021-07-02
58501550-1,Claudio Claudia,Yanez,Cortes,+56921501654,luisabarca@example.net,Pasaje Las Rosas,Fonasa,2019-06-29,2024-04-24
90206203-1,Ana Marcela,Marchant,Guajardo,+56957089154,sotocristian@example.org,Pasaje Rose Gonzalez,Fonasa,2007-07-27,2022-01-06
65660643-5,Flor Rosa,Vargas,Castro,+56921212259,rosalbagonzalez@example.net,Calle Fabiola Vallejos,Isapre,1956-06-03,2023-05-23
44920115-1,Jaime Ana,Seguel,Acevedo,+56929513966,gilbertomora@example.com,Calle Cristina Hernandez,Fonasa,1968-07-23,2023-09-01
32818392-4,Rosa Marcelo,Navarrete,Castillo,+56945151167,luis95@example.net,Juan Angulo,Isapre,2000-12-15,2022-06-03
37926941-4,Eduardo Blanca,Fuentes,Salas,+56943761399,luiscofre@example.org,Francisco Bilbao,Isapre,2011-03-27,2023-02-15
21870177-9,Juan Roxana,Silva,Villalobos,+56917790938,munozluis@example.com,Catalina Vera,Isapre,1971-06-19,2022-10-15
78310737-4,Paola Juan,Farias,Avila,+56916519805,rriquelme@example.org,Maria Garrido,Fonasa,1934-12-04,2020-01-14
68316971-1,Carlos Constanza,Quezada,Aguila,+56957076921,mlizama@example.com,Calle Paula Jaraquemada,Fonasa,1943-11-08,2024-09-16
62614900-0,Roberto Claudio,Vergara,Montenegro,+56939853721,qbenavides@example.com,Caupolican,Isapre,1948-06-22,2025-01-04
45475720-7,Felipe Claudia,Estrada,Ramirez,+56975346575,fmartinez@example.org,Norma Retamales,Isapre,2010-04-23,2024-05-11
59765653-7,Carlos Marisol,Munoz,Cuevas,+56941221241,jeannette34@example.net,Las Rosas,Isapre,1964-04-08,2024-12-26
14100953-3,Sebastian Paulina,Pena,Rojas,+56920959919,urzuabernardita@example.org,Calle Las Rosas,Isapre,1982-05-22,2021-04-01
32340622-6,Jose Daniela,Aguilar,Rojas,+56921935192,martincisternas@example.com,Avda. Manuel Rodriguez,Isapre,1966-04-22,2020-07-31
38196101-9,Rodrigo Sebastian,Sepulveda,Rojas,+56947273933,mariafuentes@example.net,Esmeralda,Fonasa,1950-03-26,2024-08-27
65484630-3,Leonardo Mario,Mejias,Pena,+56916361312,diego81@example.com,Alberto Hurtado,Fonasa,1993-11-18,2024-04-06
21398093-5,Christian Julio,Alvarez,Rojas,+56924207023,cvera@example.org,Av. Esmeralda,Fonasa,1982-04-06,2022-01-12
65012894-9,Andrea Juan,Sepulveda,Marchant,+56930883818,lopezhector@example.com,Claudia Dinamarca,Isapre,1953-01-27,2021-06-02
49197992-8,Gerson Amalia,Gonzalez,Guerra,+56991695491,danielaaraneda@example.net,Avda. Los Pinones,Isapre,1994-06-15,2022-12-19
43024906-8,Margarita Natalia,Munoz,Abarca,+56982618850,roxanatapia@example.org,Av. Raul Machuca,Isapre,1977-12-23,2022-04-03
57581646-4,Samuel Florencia,Gonzalez,Sanhueza,+56975795909,cifuentesnatalia@example.org,Pasaje Las Mosquetas,Fonasa,2024-07-07,2024-03-04
72424451-8,Laura Juan,Montero,Vasquez,+56973386524,julio76@example.org,Avenida Vicuna Mackenna,Fonasa,1978-03-06,2020-12-01
16226259-9,Daniel Danae,Alarcon,Ortega,+56963842004,iaguilar@example.com,Av. Lautaro,Fonasa,1943-04-16,2023-10-27
34310135-9,Abel Martina,Garcia,Herrera,+56923074307,ahumadasalvador@example.com,Calle Luis Ramirez,Fonasa,2024-10-27,2023-11-06
99921909-4,Felipe Gary,Gallardo,Salas,+56961560029,garaysandra@example.net,Anibal Pinto,Fonasa,2023-07-31,2022-04-19
56640243-9,Mateo Luis,Cruz,Leiva,+56987697942,leylatorres@example.net,Javier Alarcon,Isapre,1962-07-01,2024-04-06
32090021-3,Vicente Mathias,Guzman,Sanchez,+56963721413,castropaula@example.net,Caupolican,Fonasa,1974-12-19,2024-10-03
72222830-6,Benjamin Pia,Ahumada,Vega,+56938617262,maximobustos@example.net,Marcelino Plaza,Isapre,1998-05-31,2024-01-05
51072055-5,Agustina Martina,Martinez,Alvarez,+56941185783,opazodenise@example.net,Bernarda Toledo,Isapre,2005-01-23,2024-03-09
38867100-7,Silvia Sara,Fernandez,Alfaro,+56996119287,carlosgonzalez@example.org,Calle Los Pinos,Fonasa,1954-05-01,2023-03-09
10615206-0,Carla Mercedes,Sepulveda,Loyola,+56946132582,xchamorro@example.com,Los Alerces,Isapre,1959-02-05,2024-10-27
24735893-2,Edith Francisca,Mora,Cerda,+56991134167,ccancino@example.com,Calle Paula Jaraquemada,Fonasa,2000-08-26,2024-10-26
93827792-4,Jose Felipe,Palma,Arenas,+56989165109,carlosmorales@example.com,Calle Esmeralda,Isapre,2011-03-15,2021-10-31
15347792-3,Cecilia Maria,Urrutia,Troncoso,+56946886455,gerardopardo@example.com,Calle Los Pinos,Isapre,1935-02-20,2024-01-02
35405564-1,Jocelyn Priscila,Avila,Carvajal,+56962838669,camposmario@example.org,Avenida Elba Rodriguez,Isapre,1965-02-18,2020-06-28
45846060-8,Bernardita Tatiana,Martinez,Lizana,+56978482977,lucia15@example.com,Antonella Torres,Fonasa,1952-10-19,2022-04-16
80061523-7,Camila Francisco,Ramos,Martinez,+56949181986,silvasofia@example.com,Avenida Las Mosquetas,Isapre,1999-11-03,2021-06-04
55790193-3,Alison Marco,Velasquez,Jimenez,+56973551414,constanza70@example.org,Av. Los Aromos,Isapre,1957-03-06,2024-05-21
11981843-5,Romina Waldo,Araya,Nunez,+56968814123,exequielhernandez@example.net,Pedro de Valdivia,Isapre,2015-01-12,2024-09-20
27075358-5,Joaquin Ruby,Fuenzalida,Medina,+56997664901,molinaluis@example.org,Los Aromos,Fonasa,1948-01-12,2023-04-20
44722314-7,Maite Santiago,Meneses,Gonzalez,+56927404546,natalyloyola@example.net,Lautaro,Fonasa,2013-10-13,2023-06-11
22212788-6,Pablo Soledad,Lizana,Diaz,+56957814395,juana16@example.org,Avda. Alvaro Astudillo,Isapre,1972-08-16,2023-05-08
90438698-1,Cristian Nilda,Gutierrez,Soto,+56983266120,renata29@example.net,Ignacio Avila,Isapre,1970-02-09,2020-08-14
30263166-2,Alberto Paulina,Gallardo,Catalan,+56925387589,rvergara@example.com,Casanova,Isapre,1947-04-07,2023-09-24
87722745-4,Andrea Mauricio,Contreras,Santana,+56923031415,mariariquelme@example.com,Calle Matta,Isapre,1958-05-09,2025-02-11
82205587-1,Catalina Victor,Rivera,Torres,+56925479835,bmartinez@example.net,Santa Maria,Fonasa,1950-12-09,2022-12-04
12802093-1,Patricio Rodrigo,Rodriguez,Caceres,+56920301911,hbobadilla@example.com,Esteban Velasquez,Fonasa,1956-08-30,2022-08-27
90889318-2,Alfredo Silvia,Torres,Cabrera,+56982407476,catalanruben@example.com,Calle Bilbao,Fonasa,2017-10-07,2022-05-24
97926155-6,Cristian Katherine,Cortes,Villarroel,+56943994649,maria59@example.com,Silvia Riffo,Isapre,1959-04-13,2021-02-23
59644030-9,Julia Sarah,Bastias,Mercado,+56911256955,jquezada@example.com,Miguel Gonzalez,Fonasa,2012-01-15,2025-03-25
95595189-5,Cristian Ester,Cortes,Viveros,+56920603667,lagosdavid@example.com,Los Tilos,Fonasa,2006-06-07,2020-11-18
36809677-6,Marina Melanie,Padilla,Alegria,+56997433058,tolivares@example.org,Los Alerces,Fonasa,1945-04-22,2024-08-01
28841318-9,Pablo Victor,Toledo,Toro,+56971877664,sotojosefa@example.net,Psje. Benjamin Rojas,Fonasa,1974-01-08,2023-04-29
89066256-8,Juan Pedro,Morales,Morales,+56929710112,maraneda@example.org,Lautaro,Isapre,1974-04-13,2020-10-20
16251209-1,Benjamin Juan,Briceno,Fernandez,+56983513377,valenzuelaana@example.org,Pasaje Loreto Riquelme,Fonasa,2016-12-15,2021-05-01
50066254-1,Ruth Ignacio,Vergara,Vera,+56992410220,natalie01@example.org,Los Palmitos,Isapre,1997-04-24,2023-07-22
21774192-3,Nelly Rodrigo,Aravena,Pizarro,+56964072748,ygutierrez@example.net,Colo Colo,Fonasa,2011-11-20,2021-01-11
72795772-4,Bernardita Luis,Vera,Galvez,+56942533447,salvadorvidal@example.com,Calle Lautaro,Isapre,2006-11-09,2021-04-09
78662663-0,Ricardo Gaspar,Carrasco,Hernandez,+56997723970,naguilar@example.org,Maximiliano Arriagada,Isapre,1966-04-05,2023-07-11
93738834-2,Carolina Anahis,Sepulveda,Salas,+56924547139,angela45@example.net,Calle Los Robles,Isapre,1999-04-22,2021-11-30
31950796-6,Carlos Luis,Cortes,Zapata,+56925003011,leandrofernandez@example.com,Calle Roberto Gallardo,Isapre,1958-10-24,2022-12-17
49190437-8,Florencia Leidy,Rojas,Araya,+56950119483,rogeliocerda@example.net,Av. Julio Roa,Isapre,1970-04-28,2021-02-22
44480804-6,Ana Camila,Vasquez,Parra,+56988401700,acastillo@example.net,Av. Los Pinones,Fonasa,1969-05-06,2020-10-23
66594934-8,Elena Francisco,Villegas,Roa,+56965721770,carlos72@example.net,Pasaje Michimalonco,Fonasa,2022-11-18,2024-01-01
65999494-0,Luis Matilde,Ibarra,Carrasco,+56979594545,karenguzman@example.com,Agustina Madrid,Fonasa,1989-03-16,2021-09-30
22519178-2,Franz Yolanda,Catalan,Gonzalez,+56959163703,carlos19@example.org,Avda. Manuel Montt,Isapre,2000-08-24,2023-10-15
64355233-5,Ruth Sebastian,Gonzalez,Rojas,+56941456663,josefapulgar@example.com,Las Mosquetas,Fonasa,1993-10-09,2020-08-02
74803113-9,Julia Alex,Cerda,Tobar,+56988456084,bryangonzalez@example.com,Manuel Montt,Fonasa,1971-12-11,2022-03-05
41515034-6,Matias Roberto,Saavedra,Celis,+56960830086,edson22@example.com,Daniel Apablaza,Fonasa,1993-11-13,2024-11-15
50672725-4,Maria Paola,Pacheco,Vargas,+56988599295,felixruz@example.net,Manuel Montt,Isapre,1934-05-30,2023-10-23
39145977-2,Maria Francisca,Cordova,Vidal,+56982955615,vvera@example.net,Gabriela Mistral,Fonasa,2003-06-24,2020-02-18
96998252-1,Gaspar Vania,Venegas,Urrutia,+56948322170,rruiz@example.net,Santa Rosa,Fonasa,2018-04-22,2020-10-05
36428633-7,Pablo Lucas,Contreras,Munoz,+56993764420,ortizalexandra@example.net,Psje. Los Tilos,Isapre,1971-01-02,2022-10-22
83733104-2,Nancy Jose,Avendano,Tapia,+56967114299,mariafuentealba@example.net,Francisca Morales,Isapre,1971-05-26,2023-10-21
55643376-9,Maria Oscar,Parra,Lazo,+56940860248,fastudillo@example.org,Calle Gabriela Mistral,Fonasa,2001-01-26,2024-07-16
96253618-2,Vicente Christian,Mancilla,Ovalle,+56961149817,sofiamendoza@example.com,Calle Manuel Jose Irarrazaval,Fonasa,1947-06-28,2023-04-17
40521119-8,Angelica Eugenio,Olguin,Vergara,+56964539115,david73@example.org,Psje. Los Aromos,Fonasa,1964-08-28,2025-01-19
67260949-6,Miguel Mauricio,Lopez,Campos,+56982015795,carvajalpaula@example.org,Emma Urzua,Isapre,1999-12-18,2024-01-24
91766615-6,Ignacio Gustavo,Pozo,Bustamante,+56933402168,drebolledo@example.org,Ramon Freire,Fonasa,1975-08-03,2020-07-22
57891601-9,Ignacio Viviana,Valenzuela,Castillo,+56925838274,guzmanjairo@example.net,Los Girasoles,Isapre,1939-01-04,2023-06-26
95010809-6,Jose Andres,Gaete,Lazo,+56933909878,sofiacatalan@example.net,Av. Las Lilas,Isapre,1950-03-16,2022-08-16
62237414-5,Alejandra Emilia,Riquelme,Meza,+56933366093,paulaortega@example.net,Calle Dario Correa,Isapre,1961-12-06,2024-05-19
12429516-4,Victor Hernan,Fernandez,Lobos,+56996357107,ulisescontreras@example.com,Calle Esmeralda,Fonasa,1937-04-10,2022-10-23
32601187-2,Lia Pablo,Tapia,Gonzalez,+56940953182,arayamaria@example.org,Calle Julio Barrera,Fonasa,2001-11-01,2022-03-07
23572980-4,Mireya Luis,Araya,Sandoval,+56927309383,luis84@example.com,Calle Gerardo Pinto,Isapre,1983-10-30,2021-08-21
78803927-1,Oscar Francisca,Molina,Contreras,+56978535491,carloscruces@example.net,Las Mosquetas,Isapre,1990-06-24,2021-10-18
30716561-0,Alberto Joaquin,Tapia,Morales,+56967680830,matias32@example.com,Camino Las Rosas,Fonasa,1978-12-14,2024-09-10
88755903-1,Miriam Jennifer,Carrasco,Reyes,+56991605252,fbravo@example.net,Calle Los Cactus,Isapre,1963-07-14,2023-05-26
73899711-4,Barbara Felix,Diaz,Martinez,+56930835002,lcastro@example.com,Av. Los Aromos,Isapre,1998-02-26,2023-03-03
22769853-9,Andres Alvaro,Rodriguez,Altamirano,+56983339510,antonia29@example.net,Michimalonco,Fonasa,1957-03-31,2024-02-02
42856973-7,Maria Jorge,Bahamonde,Munoz,+56946838205,carolinagonzalez@example.com,Pasaje Los Lirios,Fonasa,1973-12-17,2020-11-27
46367453-0,Aida Jaime,Guzman,Salazar,+56966019626,cguzman@example.org,Graciela Ruiz,Fonasa,1995-11-06,2023-03-02
94361312-4,Monserrat Pedro,Rivera,Contreras,+56942396542,bgonzalez@example.com,Avda. Regina Riffo,Isapre,1991-10-16,2022-06-12
51992140-2,Romina Pablo,Pizarro,Lopez,+56953516439,catherinellanos@example.net,Arturo Prat,Fonasa,1955-01-09,2022-03-26
53039267-4,Dylan Emily,Aravena,Barrera,+56994386531,hsanhueza@example.org,Anahi Yanez,Fonasa,2000-11-03,2020-12-20
69482795-6,Juan Juan,Alvarez,Bravo,+56979428967,miguel04@example.com,Los Girasoles,Fonasa,1956-07-31,2022-12-23
94152364-3,Karin Juan,Saldivia,Herrera,+56993123307,clara02@example.net,Los Copihues,Isapre,1935-06-26,2021-01-03
58719444-0,Rodrigo Olga,Espinoza,Ortega,+56912606708,fcastillo@example.com,Calle Melania Molina,Isapre,1960-02-12,2025-03-16
60775663-1,Maria Roberto,Rodriguez,Quiroz,+56929378154,munozjames@example.com,Avenida Antonella Collao,Fonasa,1971-12-15,2021-11-25
15074844-0,Flor Jorge,Cortes,Castro,+56936935134,psanchez@example.net,Arturo Alessandri,Isapre,1961-05-03,2021-06-28
53337367-3,Ruben Marco,Perez,Sanchez,+56925488586,sebastianarevalo@example.com,Martin Toro,Fonasa,2003-04-21,2024-11-27
23788335-3,Gloria Emilia,Espinoza,Barraza,+56967526471,manuel27@example.org,Frank Herrera,Fonasa,1983-02-27,2023-10-05
49261253-8,Leonardo Claudio,Villar,Rivera,+56994787083,galazmaite@example.org,Las Lilas,Fonasa,1992-09-01,2022-06-13
25939458-6,Maria Pablo,Olmedo,Castillo,+56992939022,rosa54@example.net,Avda. Gabriela Mistral,Isapre,2016-01-31,2020-05-27
85033698-2,Bastian Carolina,Hernandez,Torres,+56971031958,mpavez@example.net,Calle Fabian San Martin,Isapre,1994-07-21,2023-07-11
75006543-8,Julian Antonio,Perez,Gaete,+56932335339,victorcarvajal@example.org,Caupolican,Isapre,2020-08-22,2024-06-14
31462078-5,Marie Cesar,Leon,Fernandez,+56987342171,martinezsofia@example.com,Manuel Jose Irarrazaval,Fonasa,1961-02-03,2021-10-13
87751822-9,Guillermo Maria,Oyarzun,Fuenzalida,+56957036634,nvargas@example.com,Los Coihues,Fonasa,1988-12-16,2022-09-23
68040732-2,Carla Diego,Aliaga,Mendez,+56987115675,cahumada@example.net,Las Mosquetas,Fonasa,1959-08-01,2020-07-26
45056798-6,Pedro Jose,Meneses,Flores,+56946030927,tsalazar@example.org,Arturo Prat,Isapre,2008-08-04,2021-03-05
78093216-6,Maria Anahi,Marchant,Yanez,+56936629211,lorena76@example.com,Claudio Rivera,Fonasa,2000-09-28,2020-02-14
45152877-6,Juan Alejandra,Marambio,Neira,+56987135797,inakiaguilar@example.net,Daniela Celis,Isapre,1971-09-09,2023-05-03
33424109-6,Ana Mauricio,Dominguez,Bahamonde,+56991896962,lorcagaston@example.com,Calle Las Rosas,Fonasa,1989-12-02,2024-02-03
27470077-6,Barbara David,Cubillos,Bernal,+56921901856,tapiaroberto@example.net,Calle Ramon Barros Luco,Fonasa,2018-08-29,2024-10-05
13560469-0,Alicia Monserrat,Contreras,Gonzalez,+56960696106,manriquezvictor@example.net,Calle Nestor Riquelme,Isapre,2006-04-17,2020-01-15
49291952-0,Alexis Armando,Rivas,Valdebenito,+56977747480,mario81@example.com,Calle Los Calafates,Isapre,1955-01-28,2024-08-18
79018541-2,Graciela Lina,Rivas,Alfaro,+56955162381,cesar33@example.com,Pasaje Las Azucenas,Fonasa,1985-04-20,2024-12-05
79159576-1,Macarena Carolina,Castro,Garcia,+56965013847,martinezalejandrina@example.net,Alvaro Casanova,Isapre,1981-11-27,2024-01-24
16625683-2,Atilio Maria,Marquez,Soto,+56912418332,molinakatherine@example.net,Calle Los Helechos,Isapre,1982-11-05,2020-09-09
19805123-3,Patricia Boris,Fonseca,Hidalgo,+56966849018,gladys02@example.net,Pasaje Patricia Abarca,Isapre,2010-05-11,2021-12-31
95431346-9,Tamara Marcela,Bravo,Mellado,+56959362854,edsoncifuentes@example.com,Padre Alberto Hurtado,Fonasa,2025-03-03,2021-02-26
21509837-2,Hector Carolina,Valdes,Maldonado,+56937463976,ayalamartin@example.com,Calle Marcos Silva,Fonasa,2010-07-23,2023-09-23
38324156-4,Paola Emilio,Baez,Duran,+56986527170,williams31@example.net,Los Copihues,Isapre,2015-10-06,2024-10-06
56809478-6,Maria Joaquin,Cares,Briones,+56956560659,hernandezyanina@example.net,Las Lilas,Isapre,2020-09-23,2023-12-14
99550289-1,Mauricio Leonardo,Soto,Retamal,+56960431569,maldonadojuliana@example.org,Avenida Angel Cisternas,Fonasa,1999-06-08,2021-09-10
17973044-7,Monica Benjamin,Marquez,Pena,+56950191275,lucianolopez@example.com,Calle Los Copihues,Isapre,1991-01-06,2023-11-29
77121423-7,Jaime Esteban,Flores,Sepulveda,+56978524760,marisolmarin@example.net,Juan Cisternas,Isapre,1981-12-10,2021-05-09
78785402-2,Erika Natalia,Corvalan,Mora,+56991421106,florespaloma@example.net,Manuel Rodriguez,Isapre,1942-07-30,2020-01-26
17091110-7,Juan Daniela,Celis,Hidalgo,+56977645786,pizarroalicia@example.com,Calle Alonso de Ercilla,Fonasa,1993-09-20,2022-10-29
48863238-8,Kimberly Margarita,Rojas,Castillo,+56945474566,miguelponce@example.net,Pedro Aguirre Cerda,Fonasa,1997-07-20,2020-02-23
97372190-1,Brandon Oscar,Alarcon,Santos,+56956129111,yolanda69@example.org,Avenida Sebastian Perez,Isapre,2020-03-16,2021-05-17
26699972-2,Cecilia Marina,Diaz,Valenzuela,+56951565314,mariana40@example.com,Cynthia Alvarez,Isapre,1967-09-19,2023-01-30
84638972-5,Martin Yolanda,Munoz,Troncoso,+56929534893,vcampos@example.com,Ramon Carnicer,Fonasa,1967-11-07,2023-06-12
55322795-0,Francisco Guillermo,Fierro,Munoz,+56939926690,javieramunoz@example.com,Calle Montserrat Perez,Fonasa,1941-04-14,2020-02-06
66747669-9,Patricio Liam,Bahamondes,Parra,+56981567363,alberto38@example.net,Patricio Lynch,Fonasa,1994-04-25,2025-04-20
86853828-8,Jorge Guillermo,Morales,Barrientos,+56960754092,claudiavaldivia@example.net,Avenida Sandra Ulloa,Isapre,2011-03-25,2020-04-08
28592060-1,Jerson Paola,Ortega,Moraga,+56954267725,hmaturana@example.com,Aida Hernandez,Fonasa,2017-03-03,2022-07-31
67552699-5,Francisca Barbara,Carreno,Gallardo,+56952663252,silvanapereira@example.com,Calle Padre Alberto Hurtado,Isapre,2016-12-10,2024-09-07
84295710-6,Camila Jordan,Baeza,Cofre,+56950973659,oscar77@example.net,Calle Alonso de Ercilla,Fonasa,1958-08-13,2022-01-22
85188169-7,Hilda Alberto,Medina,Sandoval,+56951581110,ingridlobos@example.com,Calle Caupolican,Isapre,1940-12-15,2023-04-20
45623694-9,Matias Cristian,Fernandez,Ordenes,+56976478502,xaraya@example.org,Guillermo Cornejo,Isapre,1983-03-05,2021-01-15
40484874-8,Perla Renata,Cruz,Morales,+56997233056,martina57@example.com,Calle Celinda Bustos,Isapre,1947-07-14,2020-02-28
91096368-2,Rodrigo Ana,Morales,Fuentes,+56928630175,gonzalosaavedra@example.com,Av. Las Rosas,Isapre,1977-01-30,2024-11-29
65310865-3,Maria Isabel,Marin,Pena,+56939780202,wbriceno@example.org,Calle Luis Villarroel,Isapre,1958-09-24,2022-07-14
76332098-2,Paula Lucia,Salas,Perez,+56949437213,ggutierrez@example.org,Calle Michimalonco,Fonasa,2018-11-15,2024-09-18
95838628-5,Paola Josue,Lopez,Perez,+56940534601,arancibiaclaudio@example.org,Calle Pedro Aguirre Cerda,Isapre,2006-07-07,2020-10-13
33469812-2,Maria Jacqueline,Yanez,Zuniga,+56979706455,fpereira@example.org,Psje. Mateo Saez,Fonasa,1987-10-18,2021-01-21
51263568-1,Roberto Jairo,Diaz,Salinas,+56926187003,ahuerta@example.com,Los Helechos,Fonasa,1949-01-27,2021-10-17
25811298-1,Jonathan Hermes,Mendez,Salazar,+56923001696,aguileradiego@example.com,Las Lilas,Fonasa,1934-10-26,2021-03-14
14875579-3,Francisco Lorenzo,Rojas,Flores,+56998937472,andrearojas@example.net,Calle Natalia Salazar,Fonasa,2018-03-24,2021-04-17
60593511-0,Anahi Tamara,Maldonado,Matus,+56973490179,parraalvaro@example.net,Valeria Contreras,Fonasa,1936-08-14,2023-02-25
46930558-3,Giselle Genoveva,Ulloa,Rubilar,+56960244242,luispineda@example.com,Av. Melanie Lopez,Fonasa,1945-07-30,2022-09-07
60334032-8,Jorge Gaspar,Brito,Cordova,+56977928289,juan19@example.org,Calle Clara Aburto,Fonasa,1988-10-16,2021-03-09
25422399-6,Maria Yuliana,Leal,Romero,+56926931123,cristian89@example.net,Avda. Manuel Antonio Matta,Fonasa,2010-04-07,2024-11-14
37602034-5,Gabriela Diego,Diaz,Castro,+56932101007,gonzalezcecilia@example.com,Avda. Gabriela Mistral,Fonasa,1943-08-20,2022-11-01
47192537-4,Luis Rodrigo,Munoz,Parra,+56964159511,luis15@example.net,Calle Los Laureles,Isapre,1969-02-03,2022-08-23
37035246-9,Andrea Osvaldo,Cruz,Cruz,+56914269864,nmunoz@example.net,Calle Lucas Rodriguez,Fonasa,2006-02-20,2021-05-27
39009356-0,Agustina Allan,Cardenas,San Martin,+56971959120,veraerik@example.org,Pasaje Gabriela Mistral,Fonasa,1979-04-08,2022-05-23
11852079-8,Bastian Romina,Gallardo,Duran,+56989484234,villarjulian@example.com,Calle Manuel Rodriguez,Isapre,1949-01-15,2021-08-13
94761985-0,Joaquin Maria,Aguilera,Varas,+56972425680,orellanarodrigo@example.com,Calle Jaime Gomez,Fonasa,2014-10-12,2024-08-23
81164868-4,Michelle Victor,Carrasco,Farias,+56976090439,gutierrezdamian@example.com,Avenida Las Mosquetas,Isapre,1986-06-10,2024-09-07
56565081-1,Fernanda Maira,Avendano,Pizarro,+56941137891,carlosvargas@example.com,Gabriela Mistral,Isapre,1984-01-02,2025-01-03
26529183-7,Italo Jorge,Aravena,Mellado,+56983298642,ortizricardo@example.org,Calle Juan Mackenna,Fonasa,1961-11-24,2022-03-14
53375085-5,Alice Viviana,Arredondo,Duran,+56921430531,maria14@example.com,Los Abedules,Fonasa,1991-11-06,2022-08-26
29962868-0,Francisca Petronila,Acuna,Serrano,+56964331381,vperez@example.com,Calle Las Malvas,Isapre,1991-10-13,2020-09-13
66264861-2,Fabiola Jose,Aguero,Azocar,+56960351741,villanuevajoaquin@example.net,Calle Esmeralda,Fonasa,2003-03-05,2020-09-22
40884415-9,Salvador Eva,Vallejos,Rodriguez,+56928183426,munozfabian@example.net,Avenida Luis Navarro,Fonasa,1979-12-15,2023-02-21
20940665-3,Iris Angelina,Montoya,Casanova,+56941894679,sofia23@example.com,Calle Veronica Martinez,Isapre,1973-09-14,2022-04-10
97980836-2,Claudio Luis,Barrios,Urbina,+56953096642,fernandezemily@example.org,Los Pinones,Fonasa,1989-01-02,2025-04-21
92670172-1,Cristian Francisca,Echeverria,Cea,+56978301880,moralesarturo@example.org,Calle Juan Hernandez,Fonasa,1978-07-08,2024-12-13
61617949-1,Cristofer Felipe,Chavez,Campos,+56916397864,ogallegos@example.net,Calle Cristian Araneda,Isapre,1964-07-24,2024-10-27
27423273-6,Ariel Maria,Salas,Ruiz,+56942714494,dominique44@example.net,Alvaro Casanova,Fonasa,1969-11-23,2025-01-21
78671018-8,Paulina Katalina,Valdebenito,Lucero,+56934565325,omanriquez@example.net,Calle Valentina Ordenes,Fonasa,1936-01-08,2022-10-09
13087595-1,Magdalena Leonor,Castro,Penaloza,+56982246024,kesparza@example.net,Los Pinos,Isapre,2005-03-12,2020-11-29
50396459-7,Isabel Margarita,Gutierrez,Valdes,+56983087753,olgaopazo@example.org,Calle Montserrat Avila,Fonasa,1946-03-04,2021-01-22
62903851-4,Matias Agustina,Pizarro,Monsalve,+56996783013,fredesjaviera@example.com,Calle Las Hortensias,Fonasa,2024-02-12,2020-02-07
70026603-3,Bruno Lucas,Bahamonde,Torres,+56910290888,wvera@example.com,Esmeralda,Fonasa,2003-04-11,2023-05-14
98041254-1,Jose Maria,Lorca,Gonzalez,+56937895692,pradoteresa@example.org,Pasaje Salvador Allende,Fonasa,2005-07-21,2021-10-04
11458745-0,Elba Cristofer,Ahumada,Castillo,+56930388230,florenciaconcha@example.com,Calle Los Aromos,Fonasa,1971-10-08,2025-02-26
63952204-2,Juan Segundo,Guerrero,Quintana,+56968690237,rastudillo@example.net,Avda. Pedro de Valdivia,Isapre,1935-03-20,2021-10-02
45955017-8,Hernan Maria,Jimenez,Salazar,+56950682594,ksanchez@example.net,Calle Mercedes Rodriguez,Isapre,2016-07-02,2020-05-27
29519188-7,Jorge Miguel,Valenzuela,Toro,+56980078755,arivera@example.org,Luis Matus,Fonasa,1969-04-01,2024-03-11
78678453-4,Victoria Jose,Gonzalez,Martinez,+56956624299,margaritamunoz@example.com,Las Margaritas,Isapre,1998-02-26,2024-11-28
81768570-2,Maria Jocelyn,Inostroza,Gajardo,+56951350280,sergio76@example.net,Domingo Santa Maria,Fonasa,1985-09-18,2024-09-01
19557494-0,Amanda Angela,Villagra,Oyarzun,+56922774445,luisdiaz@example.net,Avenida Manuel Baquedano,Fonasa,2006-01-10,2022-08-18
90788070-1,Norma Juan,Flores,Ibarra,+56947449394,xmunoz@example.com,Los Copihues,Isapre,1974-10-29,2021-10-08
48411300-7,Florinda Abraham,Mella,Reyes,+56986841122,moranhugo@example.com,Calle Arturo Prat,Fonasa,1954-01-11,2020-03-05
12457845-7,Carolina Sonia,Ahumada,Martinez,+56957349238,andreacalderon@example.net,Camino Las Azucenas,Isapre,1991-11-19,2021-10-03
55223444-3,Pamela Benedicto,Leiva,Hidalgo,+56950063599,cortesjohn@example.org,Psje. Arturo Prat,Isapre,1998-06-16,2024-04-25
67384344-0,Lucrecia Thomas,Vera,Hernandez,+56911180359,imunoz@example.org,Avenida Caupolican,Fonasa,2016-07-23,2022-06-14
59604556-2,Cristian Alex,Cardenas,Fica,+56932108092,galvezjavier@example.net,Av. Pedro Aguirre Cerda,Isapre,1995-02-15,2024-04-25
23124705-7,Justo Jose,Mejias,Pino,+56931917345,violetaorellana@example.com,Genoveva Galvez,Fonasa,1974-05-18,2021-07-07
50692374-0,Dominique Julio,Suazo,Ruiz,+56935336290,mveliz@example.org,Santa Rosa,Isapre,1970-01-01,2022-10-24
64744316-9,Angel Jose,Paredes,Sandoval,+56999633208,oscar12@example.net,Calle Maria Pizarro,Isapre,1995-05-05,2023-06-04
33791677-0,Iris Elizabeth,Salinas,Perez,+56912055995,castillojocelyn@example.org,Marcelo Lazcano,Fonasa,1968-07-15,2020-05-15
77724461-4,Israel Jose,Soto,Campos,+56997115660,sandraguzman@example.com,Las Rosas,Isapre,1968-03-08,2020-09-07
98275857-9,Tatiana Berta,Munoz,Perez,+56915880256,eduardogonzalez@example.org,Pasaje Bulnes,Isapre,2020-12-29,2022-03-06
20953102-0,Yenny Monica,Guajardo,Cabrera,+56947167945,csilva@example.org,Betty Iturra,Isapre,2001-11-20,2022-06-13
